{
  "games": [
      [
          {
              "id": 1,
              "game_id": "1",
              "category_id": "1",
              "game_name": "Moto X3M Pool Party",
              "game_url": "https://play.famobi.com/moto-x3m-pool-party",
              "thumbnail": "https://img.cdn.famobi.com/portal/html5games/images/tmp/MotoX3mPoolPartyTeaser.jpg?v=0.2-fa61e954",
              "status": "1",
              "created_at": "2021-09-28 19:12:40",
              "updated_at": "2021-09-28 19:12:40",
              "category_name": "Racing"
          },
          {
              "id": 2,
              "game_id": "2",
              "category_id": "1",
              "game_name": "Moto X3M",
              "game_url": "https://play.famobi.com/moto-x3m",
              "thumbnail": "https://img.cdn.famobi.com/portal/html5games/images/tmp/MotoX3mTeaser.jpg?v=0.2-89acc7bc",
              "status": "1",
              "created_at": "2021-09-28 19:12:40",
              "updated_at": "2021-09-28 19:12:40",
              "category_name": "Racing"
          },
          {
              "id": 3,
              "game_id": "3",
              "category_id": "1",
              "game_name": "Adventure Drivers",
              "game_url": "https://play.famobi.com/adventure-drivers",
              "thumbnail": "https://img.cdn.famobi.com/portal/html5games/images/tmp/AdventureDriversTeaser.jpg?v=0.2-89acc7bc",
              "status": "1",
              "created_at": "2021-09-28 19:12:40",
              "updated_at": "2021-09-28 19:12:40",
              "category_name": "Racing"
          },
          {
              "id": 4,
              "game_id": "4",
              "category_id": "1",
              "game_name": "High Hills",
              "game_url": "https://play.famobi.com/high-hills",
              "thumbnail": "https://img.cdn.famobi.com/portal/html5games/images/tmp/HighHillsTeaser.jpg?v=0.2-89acc7bc",
              "status": "1",
              "created_at": "2021-09-28 19:12:40",
              "updated_at": "2021-09-28 19:12:40",
              "category_name": "Racing"
          },
          {
              "id": 5,
              "game_id": "5",
              "category_id": "1",
              "game_name": "Drag Racing Club",
              "game_url": "https://play.famobi.com/drag-racing-club",
              "thumbnail": "https://img.cdn.famobi.com/portal/html5games/images/tmp/DragRacingClubTeaser.jpg?v=0.2-89acc7bc",
              "status": "1",
              "created_at": "2021-09-28 19:12:40",
              "updated_at": "2021-09-28 19:12:40",
              "category_name": "Racing"
          },
          {
              "id": 6,
              "game_id": "6",
              "category_id": "1",
              "game_name": "Race Right",
              "game_url": "https://play.famobi.com/race-right",
              "thumbnail": "https://img.cdn.famobi.com/portal/html5games/images/tmp/RaceRightTeaser.jpg?v=0.2-fa61e954",
              "status": "1",
              "created_at": "2021-09-28 19:12:40",
              "updated_at": "2021-09-28 19:12:40",
              "category_name": "Racing"
          },
          {
              "id": 7,
              "game_id": "7",
              "category_id": "1",
              "game_name": "Biker Street",
              "game_url": "https://play.famobi.com/biker-street",
              "thumbnail": "https://img.cdn.famobi.com/portal/html5games/images/tmp/BikerStreetTeaser.jpg?v=0.2-fa61e954",
              "status": "1",
              "created_at": "2021-09-28 19:12:40",
              "updated_at": "2021-09-28 19:12:40",
              "category_name": "Racing"
          },
          {
              "id": 8,
              "game_id": "8",
              "category_id": "1",
              "game_name": "Highway Rider Extreme",
              "game_url": "https://play.famobi.com/highway-rider-extreme",
              "thumbnail": "https://img.cdn.famobi.com/portal/html5games/images/tmp/HighwayRiderExtremeTeaser.jpg?v=0.2-89acc7bc",
              "status": "1",
              "created_at": "2021-09-28 19:12:40",
              "updated_at": "2021-09-28 19:12:40",
              "category_name": "Racing"
          },
          {
              "id": 10,
              "game_id": "10",
              "category_id": "1",
              "game_name": "Drift Cup Racing",
              "game_url": "https://play.famobi.com/drift-cup-racing",
              "thumbnail": "https://img.cdn.famobi.com/portal/html5games/images/tmp/DriftCupRacingTeaser.jpg?v=0.2-fa61e954",
              "status": "1",
              "created_at": "2021-09-28 19:12:40",
              "updated_at": "2021-09-28 19:12:40",
              "category_name": "Racing"
          },
          {
              "id": 11,
              "game_id": "11",
              "category_id": "1",
              "game_name": "Racing Monster Truck",
              "game_url": "https://play.famobi.com/racing-monster-trucks",
              "thumbnail": "https://img.cdn.famobi.com/portal/html5games/images/tmp/RacingMonsterTrucksTeaser.jpg?v=0.2-fa61e954",
              "status": "1",
              "created_at": "2021-09-28 19:12:40",
              "updated_at": "2021-09-28 19:12:40",
              "category_name": "Racing"
          },
          {
              "id": 12,
              "game_id": "12",
              "category_id": "1",
              "game_name": "Racing Cars",
              "game_url": "https://play.famobi.com/racing-cars",
              "thumbnail": "https://img.cdn.famobi.com/portal/html5games/images/tmp/RacingCarsTeaser.jpg?v=0.2-fa61e954",
              "status": "1",
              "created_at": "2021-09-28 19:12:40",
              "updated_at": "2021-09-28 19:12:40",
              "category_name": "Racing"
          },
          {
              "id": 13,
              "game_id": "13",
              "category_id": "1",
              "game_name": "Truck Trials",
              "game_url": "https://play.famobi.com/truck-trials",
              "thumbnail": "https://img.cdn.famobi.com/portal/html5games/images/tmp/TruckTrialsTeaser.jpg?v=0.2-fa61e954",
              "status": "1",
              "created_at": "2021-09-28 19:12:40",
              "updated_at": "2021-09-28 19:12:40",
              "category_name": "Racing"
          },
          {
              "id": 14,
              "game_id": "14",
              "category_id": "1",
              "game_name": "Thug Racer",
              "game_url": "https://play.famobi.com/thug-racer",
              "thumbnail": "https://img.cdn.famobi.com/portal/html5games/images/tmp/ThugRacerTeaser.jpg?v=0.2-fa61e954",
              "status": "1",
              "created_at": "2021-09-28 19:12:40",
              "updated_at": "2021-09-28 19:12:40",
              "category_name": "Racing"
          },
          {
              "id": 15,
              "game_id": "15",
              "category_id": "1",
              "game_name": "Endless Truck",
              "game_url": "https://play.famobi.com/endless-truck",
              "thumbnail": "https://img.cdn.famobi.com/portal/html5games/images/tmp/EndlessTruckTeaser.jpg?v=0.2-fa61e954",
              "status": "1",
              "created_at": "2021-09-28 19:12:40",
              "updated_at": "2021-09-28 19:12:40",
              "category_name": "Racing"
          },
          {
              "id": 16,
              "game_id": "16",
              "category_id": "1",
              "game_name": "Rival Rush",
              "game_url": "https://play.famobi.com/rival-rush",
              "thumbnail": "https://img.cdn.famobi.com/portal/html5games/images/tmp/RivalRushTeaser.jpg?v=0.2-fa61e954",
              "status": "1",
              "created_at": "2021-09-28 19:12:40",
              "updated_at": "2021-09-28 19:12:40",
              "category_name": "Racing"
          },
          {
              "id": 17,
              "game_id": "17",
              "category_id": "1",
              "game_name": "Street Pursuit",
              "game_url": "https://play.famobi.com/street-pursuit",
              "thumbnail": "https://img.cdn.famobi.com/portal/html5games/images/tmp/StreetPursuit_Teaser.jpg?v=0.2-fa61e954",
              "status": "1",
              "created_at": "2021-09-28 19:12:40",
              "updated_at": "2021-09-28 19:12:40",
              "category_name": "Racing"
          },
          {
              "id": 18,
              "game_id": "18",
              "category_id": "1",
              "game_name": "Street Race Fury",
              "game_url": "https://play.famobi.com/streetrace-fury",
              "thumbnail": "https://img.cdn.famobi.com/portal/html5games/images/tmp/StreetRaceFuryTeaser.jpg?v=0.2-fa61e954",
              "status": "1",
              "created_at": "2021-09-28 19:12:40",
              "updated_at": "2021-09-28 19:12:40",
              "category_name": "Racing"
          },
          {
              "id": 19,
              "game_id": "19",
              "category_id": "1",
              "game_name": "2Cars",
              "game_url": "https://play.famobi.com/2cars",
              "thumbnail": "https://img.cdn.famobi.com/portal/html5games/images/tmp/2CarsTeaser.jpg?v=0.2-fa61e954",
              "status": "1",
              "created_at": "2021-09-28 19:12:40",
              "updated_at": "2021-09-28 19:12:40",
              "category_name": "Racing"
          },
          {
              "id": 20,
              "game_id": "20",
              "category_id": "1",
              "game_name": "Dont Crash",
              "game_url": "https://play.famobi.com/dont-crash",
              "thumbnail": "https://img.cdn.famobi.com/portal/html5games/images/tmp/DontCrashTeaser.jpg?v=0.2-fa61e954",
              "status": "1",
              "created_at": "2021-09-28 19:12:40",
              "updated_at": "2021-09-28 19:12:40",
              "category_name": "Racing"
          },
          {
              "id": 21,
              "game_id": "21",
              "category_id": "1",
              "game_name": "Speed Maniac",
              "game_url": "https://play.famobi.com/speed-maniac",
              "thumbnail": "https://img.cdn.famobi.com/portal/html5games/images/tmp/SpeedManiacTeaser.jpg?v=0.2-fa61e954",
              "status": "1",
              "created_at": "2021-09-28 19:12:40",
              "updated_at": "2021-09-28 19:12:40",
              "category_name": "Racing"
          },
          {
              "id": 22,
              "game_id": "22",
              "category_id": "1",
              "game_name": "Turbotastic",
              "game_url": "https://play.famobi.com/turbotastic",
              "thumbnail": "https://img.cdn.famobi.com/portal/html5games/images/tmp/TurbotasticTeaser.jpg?v=0.2-fa61e954",
              "status": "1",
              "created_at": "2021-09-28 19:12:40",
              "updated_at": "2021-09-28 19:12:40",
              "category_name": "Racing"
          },
          {
              "id": 23,
              "game_id": "23",
              "category_id": "1",
              "game_name": "Burnin Rubber",
              "game_url": "https://play.famobi.com/burnin-rubber",
              "thumbnail": "https://img.cdn.famobi.com/portal/html5games/images/tmp/BurninRubber_Teaser.jpg?v=0.2-fa61e954",
              "status": "1",
              "created_at": "2021-09-28 19:12:40",
              "updated_at": "2021-09-28 19:12:40",
              "category_name": "Racing"
          },
          {
              "id": 24,
              "game_id": "24",
              "category_id": "1",
              "game_name": "Speed Club Nitro",
              "game_url": "https://play.famobi.com/sprint-club-nitro",
              "thumbnail": "https://img.cdn.famobi.com/portal/html5games/images/tmp/SprintClubNitroTeaser.jpg?v=0.2-fa61e954",
              "status": "1",
              "created_at": "2021-09-28 19:12:40",
              "updated_at": "2021-09-28 19:12:40",
              "category_name": "Racing"
          }
      ],
      [
          {
              "id": 25,
              "game_id": "25",
              "category_id": "2",
              "game_name": "Fuzzies",
              "game_url": "https://play.famobi.com/fuzzies",
              "thumbnail": "https://img.cdn.famobi.com/portal/html5games/images/tmp/FuzziesTeaser.jpg?v=0.2-fa61e954",
              "status": "1",
              "created_at": "2021-09-28 19:12:40",
              "updated_at": "2021-09-28 19:12:40",
              "category_name": "Bubbles"
          },
          {
              "id": 26,
              "game_id": "26",
              "category_id": "2",
              "game_name": "Smarty Bubbles 2",
              "game_url": "https://play.famobi.com/smarty-bubbles-2",
              "thumbnail": "https://img.cdn.famobi.com/portal/html5games/images/tmp/SmartyBubbles2Teaser.jpg?v=0.2-fa61e954",
              "status": "1",
              "created_at": "2021-09-28 19:12:40",
              "updated_at": "2021-09-28 19:12:40",
              "category_name": "Bubbles"
          },
          {
              "id": 27,
              "game_id": "27",
              "category_id": "2",
              "game_name": "Bubble Woods",
              "game_url": "https://play.famobi.com/bubble-woods",
              "thumbnail": "https://img.cdn.famobi.com/portal/html5games/images/tmp/BubbleWoodsTeaser.jpg?v=0.2-fa61e954",
              "status": "1",
              "created_at": "2021-09-28 19:12:40",
              "updated_at": "2021-09-28 19:12:40",
              "category_name": "Bubbles"
          },
          {
              "id": 28,
              "game_id": "28",
              "category_id": "2",
              "game_name": "Candy Bubble",
              "game_url": "https://play.famobi.com/candy-bubble",
              "thumbnail": "https://img.cdn.famobi.com/portal/html5games/images/tmp/CandyBubble_Teaser.jpg?v=0.2-fa61e954",
              "status": "1",
              "created_at": "2021-09-28 19:12:40",
              "updated_at": "2021-09-28 19:12:40",
              "category_name": "Bubbles"
          },
          {
              "id": 29,
              "game_id": "29",
              "category_id": "2",
              "game_name": "Bubble Spirit",
              "game_url": "https://play.famobi.com/bubble-spirit",
              "thumbnail": "https://img.cdn.famobi.com/portal/html5games/images/tmp/BubbleSpirit_Teaser.jpg?v=0.2-fa61e954",
              "status": "1",
              "created_at": "2021-09-28 19:12:40",
              "updated_at": "2021-09-28 19:12:40",
              "category_name": "Bubbles"
          },
          {
              "id": 30,
              "game_id": "30",
              "category_id": "2",
              "game_name": "Kitty Bubbles",
              "game_url": "https://play.famobi.com/kitty-bubbles",
              "thumbnail": "https://img.cdn.famobi.com/portal/html5games/images/tmp/KittyBubblesTeaser.jpg?v=0.2-fa61e954",
              "status": "1",
              "created_at": "2021-09-28 19:12:40",
              "updated_at": "2021-09-28 19:12:40",
              "category_name": "Bubbles"
          },
          {
              "id": 31,
              "game_id": "31",
              "category_id": "2",
              "game_name": "Sea Bubble Shooter",
              "game_url": "https://play.famobi.com/sea-bubble-shooter",
              "thumbnail": "https://img.cdn.famobi.com/portal/html5games/images/tmp/SeaBubbleShooterTeaser.jpg?v=0.2-fa61e954",
              "status": "1",
              "created_at": "2021-09-28 19:12:40",
              "updated_at": "2021-09-28 19:12:40",
              "category_name": "Bubbles"
          },
          {
              "id": 32,
              "game_id": "32",
              "category_id": "2",
              "game_name": "Soccer Bubbles",
              "game_url": "https://play.famobi.com/soccer-bubbles",
              "thumbnail": "https://img.cdn.famobi.com/portal/html5games/images/tmp/SoccerBubblesTeaser.jpg?v=0.2-fa61e954",
              "status": "1",
              "created_at": "2021-09-28 19:12:40",
              "updated_at": "2021-09-28 19:12:40",
              "category_name": "Bubbles"
          },
          {
              "id": 33,
              "game_id": "33",
              "category_id": "2",
              "game_name": "Bubble Gems",
              "game_url": "https://play.famobi.com/bubble-gems",
              "thumbnail": "https://img.cdn.famobi.com/portal/html5games/images/tmp/BubbleGemsTeaser.jpg?v=0.2-fa61e954",
              "status": "1",
              "created_at": "2021-09-28 19:12:40",
              "updated_at": "2021-09-28 19:12:40",
              "category_name": "Bubbles"
          },
          {
              "id": 34,
              "game_id": "34",
              "category_id": "2",
              "game_name": "Bubble Shooter",
              "game_url": "https://play.famobi.com/bubbles-shooter",
              "thumbnail": "https://img.cdn.famobi.com/portal/html5games/images/tmp/BubblesShooterTeaser.jpg?v=0.2-fa61e954",
              "status": "1",
              "created_at": "2021-09-28 19:12:40",
              "updated_at": "2021-09-28 19:12:40",
              "category_name": "Bubbles"
          },
          {
              "id": 35,
              "game_id": "35",
              "category_id": "2",
              "game_name": "Bubble Hamster",
              "game_url": "https://play.famobi.com/bubble-hamsters",
              "thumbnail": "https://img.cdn.famobi.com/portal/html5games/images/tmp/BubbleHamstersTeaser.jpg?v=0.2-fa61e954",
              "status": "1",
              "created_at": "2021-09-28 19:12:40",
              "updated_at": "2021-09-28 19:12:40",
              "category_name": "Bubbles"
          },
          {
              "id": 36,
              "game_id": "36",
              "category_id": "2",
              "game_name": "Smarty Bubbles X-MAS",
              "game_url": "https://play.famobi.com/smarty-bubbles-xmas",
              "thumbnail": "https://img.cdn.famobi.com/portal/html5games/images/tmp/SmartyBubblesXmasTeaser.jpg?v=0.2-fa61e954",
              "status": "1",
              "created_at": "2021-09-28 19:12:40",
              "updated_at": "2021-09-28 19:12:40",
              "category_name": "Bubbles"
          },
          {
              "id": 37,
              "game_id": "37",
              "category_id": "2",
              "game_name": "Orange Ranch",
              "game_url": "https://play.famobi.com/orange-ranch",
              "thumbnail": "https://img.cdn.famobi.com/portal/html5games/images/tmp/OrangeRanchTeaser.jpg?v=0.2-fa61e954",
              "status": "1",
              "created_at": "2021-09-28 19:12:40",
              "updated_at": "2021-09-28 19:12:40",
              "category_name": "Bubbles"
          },
          {
              "id": 38,
              "game_id": "38",
              "category_id": "2",
              "game_name": "Smarty Bubbles",
              "game_url": "https://play.famobi.com/smarty-bubbles",
              "thumbnail": "https://img.cdn.famobi.com/portal/html5games/images/tmp/SmartyBubbles20160620Teaser.jpg?v=0.2-fa61e954",
              "status": "1",
              "created_at": "2021-09-28 19:12:40",
              "updated_at": "2021-09-28 19:12:40",
              "category_name": "Bubbles"
          }
      ],
      [
          {
              "id": 39,
              "game_id": "39",
              "category_id": "3",
              "game_name": "Emergency Surgery",
              "game_url": "https://play.famobi.com/emergency-surgery",
              "thumbnail": "https://img.cdn.famobi.com/portal/html5games/images/tmp/EmergencySurgeryTeaser.jpg?v=0.2-fa61e954",
              "status": "1",
              "created_at": "2021-09-28 19:12:40",
              "updated_at": "2021-09-28 19:12:40",
              "category_name": "Girls"
          },
          {
              "id": 40,
              "game_id": "40",
              "category_id": "3",
              "game_name": "Kawaii Chibi",
              "game_url": "https://play.famobi.com/kawaii-chibi-creator",
              "thumbnail": "https://img.cdn.famobi.com/portal/html5games/images/tmp/KawaiiChibiCreator_Teaser.jpg?v=0.2-fa61e954",
              "status": "1",
              "created_at": "2021-09-28 19:12:40",
              "updated_at": "2021-09-28 19:12:40",
              "category_name": "Girls"
          },
          {
              "id": 41,
              "game_id": "41",
              "category_id": "3",
              "game_name": "Baby Lily Care",
              "game_url": "https://play.famobi.com/baby-lily-care",
              "thumbnail": "https://img.cdn.famobi.com/portal/html5games/images/tmp/BabyLilyCare_Teaser.jpg?v=0.2-fa61e954",
              "status": "1",
              "created_at": "2021-09-28 19:12:40",
              "updated_at": "2021-09-28 19:12:40",
              "category_name": "Girls"
          },
          {
              "id": 42,
              "game_id": "42",
              "category_id": "3",
              "game_name": "Baby Lily Birthday",
              "game_url": "https://play.famobi.com/baby-lily-birthday",
              "thumbnail": "https://img.cdn.famobi.com/portal/html5games/images/tmp/BabyLilyBirthday_Teaser.jpg?v=0.2-fa61e954",
              "status": "1",
              "created_at": "2021-09-28 19:12:40",
              "updated_at": "2021-09-28 19:12:40",
              "category_name": "Girls"
          },
          {
              "id": 43,
              "game_id": "43",
              "category_id": "3",
              "game_name": "Baby Lily Sick Day",
              "game_url": "https://play.famobi.com/baby-lily-sick-day",
              "thumbnail": "https://img.cdn.famobi.com/portal/html5games/images/tmp/BabyLilySickDayTeaser.jpg?v=0.2-fa61e954",
              "status": "1",
              "created_at": "2021-09-28 19:12:40",
              "updated_at": "2021-09-28 19:12:40",
              "category_name": "Girls"
          }
      ],
      [
          {
              "id": 44,
              "game_id": "44",
              "category_id": "4",
              "game_name": "Defly",
              "game_url": "https://play.famobi.com/defly",
              "thumbnail": "https://img.cdn.famobi.com/portal/html5games/images/tmp/DeflyTeaser.jpg?v=0.2-fa61e954",
              "status": "1",
              "created_at": "2021-09-28 19:12:40",
              "updated_at": "2021-09-28 19:12:40",
              "category_name": "Multi Player"
          }
      ],
      [
          {
              "id": 45,
              "game_id": "45",
              "category_id": "5",
              "game_name": "Train 2048",
              "game_url": "https://play.famobi.com/train-2048",
              "thumbnail": "https://img.cdn.famobi.com/portal/html5games/images/tmp/Train2048Teaser.jpg?v=0.2-fa61e954",
              "status": "1",
              "created_at": "2021-09-28 19:12:40",
              "updated_at": "2021-09-28 19:12:40",
              "category_name": "Puzzle"
          },
          {
              "id": 46,
              "game_id": "46",
              "category_id": "5",
              "game_name": "Giant 2048",
              "game_url": "https://play.famobi.com/giant-2048",
              "thumbnail": "https://img.cdn.famobi.com/portal/html5games/images/tmp/Giant2048Teaser.jpg?v=0.2-fa61e954",
              "status": "1",
              "created_at": "2021-09-28 19:12:40",
              "updated_at": "2021-09-28 19:12:40",
              "category_name": "Puzzle"
          },
          {
              "id": 47,
              "game_id": "47",
              "category_id": "5",
              "game_name": "Brain Trainer",
              "game_url": "https://play.famobi.com/brain-trainer",
              "thumbnail": "https://img.cdn.famobi.com/portal/html5games/images/tmp/BrainTrainerTeaser.jpg?v=0.2-fa61e954",
              "status": "1",
              "created_at": "2021-09-28 19:12:40",
              "updated_at": "2021-09-28 19:12:40",
              "category_name": "Puzzle"
          },
          {
              "id": 48,
              "game_id": "48",
              "category_id": "5",
              "game_name": "Mahjong World",
              "game_url": "https://play.famobi.com/mahjong-world",
              "thumbnail": "https://img.cdn.famobi.com/portal/html5games/images/tmp/MahjongWorldTeaser.jpg?v=0.2-fa61e954",
              "status": "1",
              "created_at": "2021-09-28 19:12:40",
              "updated_at": "2021-09-28 19:12:40",
              "category_name": "Puzzle"
          },
          {
              "id": 49,
              "game_id": "49",
              "category_id": "5",
              "game_name": "Mahjong 3D",
              "game_url": "https://play.famobi.com/mahjong-3d",
              "thumbnail": "https://img.cdn.famobi.com/portal/html5games/images/tmp/Mahjong3dTeaser.jpg?v=0.2-fa61e954",
              "status": "1",
              "created_at": "2021-09-28 19:12:40",
              "updated_at": "2021-09-28 19:12:40",
              "category_name": "Puzzle"
          }
      ],
      [
          {
              "id": 50,
              "game_id": "50",
              "category_id": "6",
              "game_name": "7 Words",
              "game_url": "https://play.famobi.com/7-words",
              "thumbnail": "https://img.cdn.famobi.com/portal/html5games/images/tmp/7WordsTeaser.jpg?v=0.2-fa61e954",
              "status": "1",
              "created_at": "2021-09-28 19:12:40",
              "updated_at": "2021-09-28 19:12:40",
              "category_name": "Quiz"
          },
          {
              "id": 51,
              "game_id": "51",
              "category_id": "6",
              "game_name": "Alien Quest",
              "game_url": "https://play.famobi.com/alien-quest",
              "thumbnail": "https://img.cdn.famobi.com/portal/html5games/images/tmp/AlienQuestTeaser.jpg?v=0.2-fa61e954",
              "status": "1",
              "created_at": "2021-09-28 19:12:40",
              "updated_at": "2021-09-28 19:12:40",
              "category_name": "Quiz"
          },
          {
              "id": 52,
              "game_id": "52",
              "category_id": "6",
              "game_name": "Sweet Hungman",
              "game_url": "https://play.famobi.com/sweet-hangman",
              "thumbnail": "https://img.cdn.famobi.com/portal/html5games/images/tmp/SweetHangmanTeaser.jpg?v=0.2-fa61e954",
              "status": "1",
              "created_at": "2021-09-28 19:12:40",
              "updated_at": "2021-09-28 19:12:40",
              "category_name": "Quiz"
          },
          {
              "id": 53,
              "game_id": "53",
              "category_id": "6",
              "game_name": "Geo Quiz EU",
              "game_url": "https://play.famobi.com/geo-quiz-europe",
              "thumbnail": "https://img.cdn.famobi.com/portal/html5games/images/tmp/GeoQuizEuropeTeaser.jpg?v=0.2-fa61e954",
              "status": "1",
              "created_at": "2021-09-28 19:12:40",
              "updated_at": "2021-09-28 19:12:40",
              "category_name": "Quiz"
          },
          {
              "id": 54,
              "game_id": "54",
              "category_id": "6",
              "game_name": "Animal Quiz",
              "game_url": "https://play.famobi.com/animal-quiz",
              "thumbnail": "https://img.cdn.famobi.com/portal/html5games/images/tmp/AnimalQuizChristmasTeaser.jpg?v=0.2-fa61e954",
              "status": "1",
              "created_at": "2021-09-28 19:12:40",
              "updated_at": "2021-09-28 19:12:40",
              "category_name": "Quiz"
          }
      ],
      [
          {
              "id": 55,
              "game_id": "55",
              "category_id": "7",
              "game_name": "Jungle Run",
              "game_url": "https://play.famobi.com/jungle-run",
              "thumbnail": "https://img.cdn.famobi.com/portal/html5games/images/tmp/JungleRunTeaser.jpg?v=0.2-fa61e954",
              "status": "1",
              "created_at": "2021-09-28 19:12:40",
              "updated_at": "2021-09-28 19:12:40",
              "category_name": "Jump & Run"
          },
          {
              "id": 56,
              "game_id": "56",
              "category_id": "7",
              "game_name": "Banana Run",
              "game_url": "https://play.famobi.com/banana-run",
              "thumbnail": "https://img.cdn.famobi.com/portal/html5games/images/tmp/BananaRun_Teaser.jpg?v=0.2-fa61e954",
              "status": "1",
              "created_at": "2021-09-28 19:12:40",
              "updated_at": "2021-09-28 19:12:40",
              "category_name": "Jump & Run"
          },
          {
              "id": 57,
              "game_id": "57",
              "category_id": "7",
              "game_name": "Outcome",
              "game_url": "https://play.famobi.com/outcome",
              "thumbnail": "https://img.cdn.famobi.com/portal/html5games/images/tmp/OutcomeTeaser.jpg?v=0.2-fa61e954",
              "status": "1",
              "created_at": "2021-09-28 19:12:40",
              "updated_at": "2021-09-28 19:12:40",
              "category_name": "Jump & Run"
          },
          {
              "id": 58,
              "game_id": "58",
              "category_id": "7",
              "game_name": "Yeti Sensation",
              "game_url": "https://play.famobi.com/yeti-sensation",
              "thumbnail": "https://img.cdn.famobi.com/portal/html5games/images/tmp/YetiSensationTeaser.jpg?v=0.2-fa61e954",
              "status": "1",
              "created_at": "2021-09-28 19:12:40",
              "updated_at": "2021-09-28 19:12:40",
              "category_name": "Jump & Run"
          },
          {
              "id": 59,
              "game_id": "59",
              "category_id": "7",
              "game_name": "Greedy Rabbit",
              "game_url": "https://play.famobi.com/greedy-rabbit",
              "thumbnail": "https://img.cdn.famobi.com/portal/html5games/images/tmp/GreedyRabbitTeaser.jpg?v=0.2-fa61e954",
              "status": "1",
              "created_at": "2021-09-28 19:12:40",
              "updated_at": "2021-09-28 19:12:40",
              "category_name": "Jump & Run"
          }
      ],
      [
          {
              "id": 60,
              "game_id": "60",
              "category_id": "8",
              "game_name": "Cross Over 21",
              "game_url": "https://play.famobi.com/crossover-21",
              "thumbnail": "https://img.cdn.famobi.com/portal/html5games/images/tmp/Crossover21Teaser.jpg?v=0.2-fa61e954",
              "status": "1",
              "created_at": "2021-09-28 19:12:40",
              "updated_at": "2021-09-28 19:12:40",
              "category_name": "Cards"
          },
          {
              "id": 61,
              "game_id": "61",
              "category_id": "8",
              "game_name": "Pirate Cards",
              "game_url": "https://play.famobi.com/pirate-cards",
              "thumbnail": "https://img.cdn.famobi.com/portal/html5games/images/tmp/PirateCardsTeaser.jpg?v=0.2-fa61e954",
              "status": "1",
              "created_at": "2021-09-28 19:12:40",
              "updated_at": "2021-09-28 19:12:40",
              "category_name": "Cards"
          }
      ],
      [
          {
              "id": 62,
              "game_id": "62",
              "category_id": "9",
              "game_name": "OM NOM RUN",
              "game_url": "https://play.famobi.com/om-nom-run",
              "thumbnail": "https://img.cdn.famobi.com/portal/html5games/images/tmp/OmNomRunTeaser.jpg?v=0.2-fa61e954",
              "status": "1",
              "created_at": "2021-09-28 19:12:40",
              "updated_at": "2021-09-28 19:12:40",
              "category_name": "Arcade"
          },
          {
              "id": 63,
              "game_id": "63",
              "category_id": "9",
              "game_name": "Bus Parking 3D",
              "game_url": "https://play.famobi.com/bus-parking-3d",
              "thumbnail": "https://img.cdn.famobi.com/portal/html5games/images/tmp/BusParking3dTeaser.jpg?v=0.2-fa61e954",
              "status": "1",
              "created_at": "2021-09-28 19:12:40",
              "updated_at": "2021-09-28 19:12:40",
              "category_name": "Arcade"
          },
          {
              "id": 64,
              "game_id": "64",
              "category_id": "9",
              "game_name": "Cannon Balls 3D",
              "game_url": "https://play.famobi.com/cannon-balls-3d",
              "thumbnail": "https://img.cdn.famobi.com/portal/html5games/images/tmp/CannonBalls3dTeaser.jpg?v=0.2-fa61e954",
              "status": "1",
              "created_at": "2021-09-28 19:12:40",
              "updated_at": "2021-09-28 19:12:40",
              "category_name": "Arcade"
          },
          {
              "id": 65,
              "game_id": "65",
              "category_id": "9",
              "game_name": "Dunk Brush",
              "game_url": "https://play.famobi.com/dunk-brush",
              "thumbnail": "https://img.cdn.famobi.com/portal/html5games/images/tmp/DunkBrushTeaser.jpg?v=0.2-fa61e954",
              "status": "1",
              "created_at": "2021-09-28 19:12:40",
              "updated_at": "2021-09-28 19:12:40",
              "category_name": "Arcade"
          },
          {
              "id": 66,
              "game_id": "66",
              "category_id": "9",
              "game_name": "Perfect Piano",
              "game_url": "https://play.famobi.com/perfect-piano",
              "thumbnail": "https://img.cdn.famobi.com/portal/html5games/images/tmp/PerfectPiano_Teaser.jpg?v=0.2-fa61e954",
              "status": "1",
              "created_at": "2021-09-28 19:12:40",
              "updated_at": "2021-09-28 19:12:40",
              "category_name": "Arcade"
          }
      ]
  ],
  "categories": [
      {
          "id": 1,
          "category_id": "1",
          "category_name": "Racing",
          "thumbnail": "https://img.cdn.famobi.com/portal/html5games/images/tmp/MotoX3mTeaser.jpg?v=0.2-fa61e954",
          "status": "1",
          "created_at": "2021-09-28 18:43:51",
          "updated_at": "2021-12-27 12:08:07"
      },
      {
          "id": 2,
          "category_id": "2",
          "category_name": "Bubbles",
          "thumbnail": "https://img.cdn.famobi.com/portal/html5games/images/tmp/CandyBubble_Teaser.jpg?v=0.2-fa61e954",
          "status": "1",
          "created_at": "2021-09-28 18:43:51",
          "updated_at": "2021-09-28 18:43:51"
      },
      {
          "id": 3,
          "category_id": "3",
          "category_name": "Girls",
          "thumbnail": "https://img.cdn.famobi.com/portal/html5games/images/tmp/BabyLilyCare_Teaser.jpg?v=0.2-fa61e954",
          "status": "1",
          "created_at": "2021-09-28 18:43:51",
          "updated_at": "2021-09-28 18:43:51"
      },
      {
          "id": 4,
          "category_id": "4",
          "category_name": "Multi Player",
          "thumbnail": "https://img.cdn.famobi.com/portal/html5games/images/tmp/DeflyTeaser.jpg?v=0.2-fa61e954",
          "status": "1",
          "created_at": "2021-09-28 18:43:51",
          "updated_at": "2021-09-28 18:43:51"
      },
      {
          "id": 5,
          "category_id": "5",
          "category_name": "Puzzle",
          "thumbnail": "https://img.cdn.famobi.com/portal/html5games/images/tmp/Train2048Teaser.jpg?v=0.2-fa61e954",
          "status": "1",
          "created_at": "2021-09-28 18:43:51",
          "updated_at": "2021-09-28 18:43:51"
      },
      {
          "id": 6,
          "category_id": "6",
          "category_name": "Quiz",
          "thumbnail": "https://img.cdn.famobi.com/portal/html5games/images/tmp/AlienQuestTeaser.jpg?v=0.2-fa61e954",
          "status": "1",
          "created_at": "2021-09-28 18:43:51",
          "updated_at": "2021-09-28 18:43:51"
      },
      {
          "id": 7,
          "category_id": "7",
          "category_name": "Jump & Run",
          "thumbnail": "https://img.cdn.famobi.com/portal/html5games/images/tmp/JungleRunTeaser.jpg?v=0.2-fa61e954",
          "status": "1",
          "created_at": "2021-09-28 18:43:51",
          "updated_at": "2021-09-28 18:43:51"
      },
      {
          "id": 8,
          "category_id": "8",
          "category_name": "Cards",
          "thumbnail": "https://img.cdn.famobi.com/portal/html5games/images/tmp/Crossover21Teaser.jpg?v=0.2-fa61e954",
          "status": "1",
          "created_at": "2021-09-28 18:43:51",
          "updated_at": "2021-09-28 18:43:51"
      },
      {
          "id": 9,
          "category_id": "9",
          "category_name": "Arcade",
          "thumbnail": "https://img.cdn.famobi.com/portal/html5games/images/tmp/BusParking3dTeaser.jpg?v=0.2-fa61e954",
          "status": "1",
          "created_at": "2021-09-28 18:43:51",
          "updated_at": "2021-09-28 18:43:51"
      }
  ],
  "status": "success"
}